train,station,arrival_delay,departure_delay
1503,Aalst,1373,1373
1503,Aalter,37,92
1503,Aarschot,346,346
1503,Alken,313,335
1503,Anderlecht,99,99
1503,Beernem,97,97
1503,Bellem,69,69
1503,Bokrijk,406,430
1503,Brugge,,63
1503,Brussel-Centraal,116,166
1503,Brussel-Congres,133,133
1503,Brussel-Kapellekerk,142,142
1503,Brussel-Noord,146,157
1503,Brussel-Zuid,95,142
1503,Denderleeuw,1254,1297
1503,Diegem,184,184
1503,Diest,402,402
1503,Drongen,-13,-13
1503,Erembodegem,1477,1477
1503,Erps-Kwerps,100,101
1503,Ezemaal,142,142
1503,Genk,428,
1503,Gent-Sint-Pieters,13,55
1503,Hansbeke,48,48
1503,Haren-Zuid,189,189
1503,Hasselt,401,401
1503,Herent,189,189
1503,Kiewit,427,433
1503,Kortenberg,151,151
1503,Kortenberg-Goederen,575,575
1503,Kwatrecht,959,959
1503,Landegem,-52,-52
1503,Landen,138,147
1503,Langdorp,373,373
1503,Lede,1253,1253
1503,Leuven,147,159
1503,Liedekerke,1335,1335
1503,Maria-Aalter,96,96
1503,Melle,546,546
1503,Merelbeke,520,520
1503,Neerwinden,124,124
1503,Nossegem,193,193
1503,Oostkamp,85,85
1503,Schaarbeek,146,146
1503,Schellebelle,1108,1108
1503,Schulen,506,506
1503,Schulen-Sas,517,517
1503,Serskamp,1248,1248
1503,Sint-Truiden,230,325
1503,Testelt,377,377
1503,Tienen,59,150
1503,Veltem,182,182
1503,Vertrijk,144,144
1503,Wetteren,1042,1042
1503,Wezemaal,344,344
1503,Zaventem,194,194
1503,Zichem,377,377
1504,Aalst,202,202
1504,Aalter,30,74
1504,Aarschot,312,312
1504,Aarsele,252,252
1504,Alken,247,264
1504,Anderlecht,54,54
1504,Baasrode-Zuid,-92,-92
1504,Beernem,98,98
1504,Bellem,79,79
1504,Bokrijk,268,285
1504,Boortmeerbeek,29,29
1504,Brugge,,63
1504,Brugge-Bundels U/V,157,157
1504,Brussel-Centraal,39,74
1504,Brussel-Congres,44,44
1504,Brussel-Kapellekerk,60,60
1504,Brussel-Noord,45,79
1504,Brussel-Zuid,35,74
1504,Buggenhout,-110,-110
1504,Deinze,194,194
1504,Deinze-Wijksporen,241,241
1504,Denderleeuw,200,200
1504,Dendermonde,-85,-85
1504,De Pinte,154,154
1504,Diegem,92,92
1504,Diest,338,338
1504,Drongen,-5,-5
1504,Erembodegem,186,186
1504,Erps-Kwerps,3,3
1504,Ezemaal,55,55
1504,Genk,251,
1504,Gent-Sint-Pieters,16,45
1504,Haacht,-55,-55
1504,Haacht-Wijkspoor,-34,-34
1504,Hambos,-96,-96
1504,Hansbeke,60,60
1504,Haren-Zuid,92,92
1504,Hasselt,305,279
1504,Herent,92,92
1504,Hever,57,57
1504,Kapelle-op-den-Bos,-232,-232
1504,Kiewit,295,305
1504,Kortenberg,56,56
1504,Kortenberg-Goederen,679,679
1504,Kwatrecht,157,157
1504,Landegem,4,4
1504,Landen,43,56
1504,Langdorp,339,339
1504,Lede,193,193
1504,Leuven,72,94
1504,Lichtervelde,144,144
1504,Liedekerke,241,241
1504,Londerzeel,-166,-166
1504,Malderen,-147,-147
1504,Maria-Aalter,95,95
1504,Mechelen,-71,10
1504,Melle,143,143
1504,Merelbeke,169,169
1504,Muizen,45,45
1504,Neerwinden,45,45
1504,Nossegem,96,96
1504,Oostkamp,82,82
1504,Oudegem,-111,-111
1504,Schaarbeek,55,55
1504,Schellebelle,140,140
1504,Schoonaarde,-56,-56
1504,Schulen,338,338
1504,Schulen-Sas,337,337
1504,Serskamp,216,216
1504,Sint-Truiden,135,265
1504,Testelt,352,352
1504,Tielt,216,216
1504,Tienen,-40,76
1504,Torhout,107,107
1504,Veltem,85,85
1504,Vertrijk,48,48
1504,Wespelaar-Tildonk,-44,-44
1504,Wetteren,134,134
1504,Wezemaal,322,322
1504,Wichelen,-45,-45
1504,Wijgmaal,-100,-100
1504,Zaventem,100,100
1504,Zedelgem,104,104
1504,Zichem,324,324
1505,Aalst,403,403
1505,Aalter,84,126
1505,Aarschot,245,245
1505,Aarsele,333,333
1505,Alken,195,213
1505,Anderlecht,105,105
1505,Beernem,126,126
1505,Bellem,131,131
1505,Blankenberge,,45
1505,Bockstael,46,46
1505,Bokrijk,245,269
1505,Brugge,89,73
1505,Brugge-Bundels U/V,291,291
1505,Brugge-Sint-Pieters,45,45
1505,Brussel-Centraal,171,238
1505,Brussel-Congres,204,204
1505,Brussel-Kapellekerk,150,150
1505,Brussel-Noord,216,184
1505,Brussel-Zuid,101,152
1505,Deinze,272,272
1505,Deinze-Wijksporen,321,321
1505,Denderleeuw,416,418
1505,De Pinte,235,235
1505,Diegem,172,172
1505,Diest,283,283
1505,Dilbeek,85,85
1505,Drongen,54,54
1505,Erembodegem,436,436
1505,Erps-Kwerps,67,67
1505,Essene-Lombeek,129,129
1505,Ezemaal,105,106
1505,Genk,237,
1505,Gent-Sint-Pieters,96,104
1505,Groot-Bijgaarden,35,35
1505,Hansbeke,110,110
1505,Haren-Zuid,179,179
1505,Hasselt,275,250
1505,Herent,156,156
1505,Jette,37,37
1505,Kiewit,266,277
1505,Kortenberg,119,119
1505,Kortenberg-Goederen,273,273
1505,Kwatrecht,344,344
1505,Landegem,56,56
1505,Landen,97,102
1505,Langdorp,247,247
1505,Lede,350,350
1505,Leuven,141,137
1505,Lichtervelde,258,258
1505,Liedekerke,492,492
1505,Maria-Aalter,129,129
1505,Melle,292,292
1505,Merelbeke,322,322
1505,Neerwinden,96,96
1505,Nossegem,161,161
1505,Oostkamp,80,80
1505,Schaarbeek,180,174
1505,Schellebelle,337,337
1505,Schulen,352,352
1505,Schulen-Sas,355,370
1505,Serskamp,355,355
1505,Sint-Agatha-Berchem,67,67
1505,Sint-Martens-Bodegem,57,57
1505,Sint-Truiden,167,220
1505,Ternat,81,81
1505,Testelt,286,286
1505,Tielt,312,312
1505,Tienen,27,121
1505,Torhout,218,218
1505,Veltem,148,148
1505,Vertrijk,112,112
1505,Wetteren,338,338
1505,Wezemaal,258,258
1505,Zaventem,167,167
1505,Zedelgem,212,212
1505,Zichem,257,257
1506,Aalst,146,146
1506,Aalter,89,155
1506,Aarschot,256,256
1506,Aarsele,240,240
1506,Alken,368,387
1506,Anderlecht,119,119
1506,Beernem,139,139
1506,Bellem,163,163
1506,Blankenberge,,48
1506,Bockstael,-24,-24
1506,Bokrijk,437,475
1506,Brugge,115,96
1506,Brugge-Bundels U/V,101,101
1506,Brugge-Sint-Pieters,64,64
1506,Brussel-Centraal,306,365
1506,Brussel-Congres,335,335
1506,Brussel-Kapellekerk,289,289
1506,Brussel-Noord,348,329
1506,Brussel-Zuid,207,288
1506,Deinze,196,196
1506,Deinze-Wijksporen,247,247
1506,Denderleeuw,190,202
1506,De Pinte,164,164
1506,Diegem,330,330
1506,Diest,294,294
1506,Dilbeek,28,28
1506,Drongen,84,84
1506,Erembodegem,228,228
1506,Erps-Kwerps,227,228
1506,Essene-Lombeek,74,74
1506,Ezemaal,226,226
1506,Genk,448,
1506,Gent-Sint-Pieters,164,166
1506,Groot-Bijgaarden,-24,-24
1506,Hansbeke,147,147
1506,Haren-Zuid,332,332
1506,Hasselt,409,431
1506,Herent,316,316
1506,Jette,-24,-24
1506,Kiewit,450,464
1506,Kortenberg,280,280
1506,Kortenberg-Goederen,266,266
1506,Kwatrecht,31,31
1506,Landegem,51,51
1506,Landen,236,254
1506,Langdorp,259,259
1506,Lede,62,62
1506,Leuven,303,285
1506,Lichtervelde,202,202
1506,Liedekerke,244,244
1506,Maria-Aalter,140,140
1506,Melle,-8,-8
1506,Merelbeke,46,46
1506,Neerwinden,222,222
1506,Nossegem,318,318
1506,Oostkamp,111,111
1506,Schaarbeek,330,330
1506,Schellebelle,6,6
1506,Schulen,238,238
1506,Schulen-Sas,253,253
1506,Serskamp,77,77
1506,Sint-Agatha-Berchem,6,6
1506,Sint-Martens-Bodegem,,
1506,Sint-Truiden,324,388
1506,Ternat,23,23
1506,Testelt,291,291
1506,Tielt,218,218
1506,Tienen,177,245
1506,Torhout,153,153
1506,Veltem,307,307
1506,Vertrijk,269,269
1506,Wetteren,26,26
1506,Wezemaal,269,269
1506,Zaventem,326,326
1506,Zedelgem,146,146
1506,Zichem,258,258
1507,Aalst,347,347
1507,Aalter,68,122
1507,Aarschot,179,179
1507,Aarsele,201,201
1507,Alken,330,344
1507,Anderlecht,135,135
1507,Beernem,130,130
1507,Bellem,129,129
1507,Blankenberge,,47
1507,Bockstael,394,394
1507,Bokrijk,395,428
1507,Brugge,112,117
1507,Brugge-Sint-Pieters,54,54
1507,Brussel-Centraal,240,307
1507,Brussel-Congres,273,273
1507,Brussel-Kapellekerk,210,210
1507,Brussel-Noord,292,306
1507,Brussel-Zuid,174,215
1507,Deinze,157,157
1507,Deinze-Wijksporen,214,214
1507,Denderleeuw,431,433
1507,De Pinte,118,118
1507,Diegem,395,395
1507,Diest,188,188
1507,Dilbeek,8,8
1507,Drongen,39,39
1507,Erembodegem,453,453
1507,Erps-Kwerps,311,311
1507,Essene-Lombeek,58,58
1507,Ezemaal,290,290
1507,Genk,396,
1507,Gent-Sint-Pieters,79,111
1507,Groot-Bijgaarden,-40,-40
1507,Hansbeke,105,105
1507,Haren-Zuid,364,364
1507,Hasselt,362,411
1507,Herent,395,395
1507,Jette,327,327
1507,Kiewit,422,428
1507,Kortenberg,362,362
1507,Kortenberg-Goederen,643,643
1507,Kwatrecht,262,262
1507,Landegem,20,20
1507,Landen,283,264
1507,Langdorp,158,158
1507,Lede,286,286
1507,Leuven,380,357
1507,Lichtervelde,197,197
1507,Liedekerke,533,533
1507,Maria-Aalter,129,129
1507,Melle,645,645
1507,Merelbeke,512,634
1507,Neerwinden,268,268
1507,Nossegem,392,395
1507,Oostkamp,117,117
1507,Schaarbeek,319,318
1507,Schellebelle,269,269
1507,Schulen,139,139
1507,Schulen-Sas,160,160
1507,Serskamp,303,303
1507,Sint-Agatha-Berchem,-65,-65
1507,Sint-Martens-Bodegem,39,39
1507,Sint-Truiden,317,361
1507,Ternat,3,3
1507,Testelt,202,202
1507,Tielt,196,196
1507,Tienen,263,311
1507,Torhout,141,141
1507,Veltem,391,391
1507,Vertrijk,356,356
1507,Wetteren,280,280
1507,Wezemaal,177,177
1507,Zaventem,401,402
1507,Zedelgem,152,152
1507,Zichem,163,163
1508,Aalst,227,227
1508,Aalter,42,87
1508,Aarschot,230,230
1508,Aarsele,231,231
1508,Alken,247,257
1508,Anderlecht,93,93
1508,Beernem,101,101
1508,Bellem,98,98
1508,Blankenberge,,53
1508,Bockstael,230,230
1508,Bokrijk,356,379
1508,Brugge,80,81
1508,Brugge-Sint-Pieters,41,41
1508,Brussel-Centraal,167,218
1508,Brussel-Congres,182,182
1508,Brussel-Kapellekerk,178,178
1508,Brussel-Noord,202,225
1508,Brussel-Zuid,135,182
1508,Deinze,171,171
1508,Deinze-Wijksporen,235,235
1508,Denderleeuw,308,311
1508,De Pinte,138,138
1508,Diegem,272,272
1508,Diest,267,267
1508,Dilbeek,-8,-8
1508,Drongen,8,8
1508,Erembodegem,300,300
1508,Erps-Kwerps,185,185
1508,Essene-Lombeek,39,39
1508,Ezemaal,176,176
1508,Genk,351,
1508,Gent-Sint-Pieters,51,94
1508,Groot-Bijgaarden,-56,-56
1508,Hansbeke,76,76
1508,Haren-Zuid,262,262
1508,Hasselt,295,365
1508,Herent,266,266
1508,Jette,55,55
1508,Kiewit,380,385
1508,Kortenberg,237,237
1508,Kortenberg-Goederen,392,392
1508,Kwatrecht,99,99
1508,Landegem,-9,-9
1508,Landen,169,161
1508,Langdorp,233,233
1508,Lede,179,179
1508,Leuven,256,235
1508,Lichtervelde,240,240
1508,Liedekerke,423,423
1508,Maria-Aalter,99,99
1508,Melle,428,428
1508,Merelbeke,354,444
1508,Neerwinden,198,198
1508,Nossegem,265,266
1508,Oostkamp,83,83
1508,Schaarbeek,218,217
1508,Schellebelle,134,134
1508,Schulen,229,229
1508,Schulen-Sas,249,249
1508,Serskamp,201,201
1508,Sint-Agatha-Berchem,-74,-74
1508,Sint-Martens-Bodegem,23,23
1508,Sint-Truiden,231,274
1508,Ternat,-14,-14
1508,Testelt,261,261
1508,Tielt,231,231
1508,Tienen,127,198
1508,Torhout,131,131
1508,Veltem,265,265
1508,Vertrijk,213,214
1508,Wetteren,137,137
1508,Wezemaal,235,235
1508,Zaventem,279,279
1508,Zedelgem,145,145
1508,Zichem,231,231
1509,Aalst,534,534
1509,Aalter,67,113
1509,Aarschot,413,413
1509,Aarsele,431,431
1509,Alken,231,249
1509,Anderlecht,128,128
1509,Beernem,128,128
1509,Bellem,111,111
1509,Blankenberge,,54
1509,Bokrijk,321,344
1509,Brugge,107,111
1509,Brugge-Sint-Pieters,53,53
1509,Brussel-Centraal,172,227
1509,Brussel-Congres,233,233
1509,Brussel-Kapellekerk,172,172
1509,Brussel-Noord,209,221
1509,Brussel-Zuid,160,192
1509,Deinze,378,378
1509,Deinze-Wijksporen,434,434
1509,Denderleeuw,660,660
1509,De Pinte,349,349
1509,Diegem,255,255
1509,Diest,435,435
1509,Drongen,39,39
1509,Erembodegem,612,612
1509,Erps-Kwerps,166,167
1509,Ezemaal,151,151
1509,Genk,315,
1509,Gent-Sint-Pieters,94,109
1509,Hansbeke,99,99
1509,Haren-Zuid,249,249
1509,Hasselt,300,322
1509,Herent,246,246
1509,Kiewit,338,345
1509,Kortenberg,217,217
1509,Kortenberg-Goederen,448,448
1509,Kwatrecht,432,432
1509,Landegem,8,8
1509,Landen,155,166
1509,Langdorp,393,393
1509,Lede,480,480
1509,Leuven,234,230
1509,Lichtervelde,403,403
1509,Liedekerke,772,772
1509,Maria-Aalter,126,126
1509,Melle,542,542
1509,Merelbeke,470,480
1509,Neerwinden,147,147
1509,Nossegem,246,247
1509,Oostkamp,107,107
1509,Schaarbeek,208,208
1509,Schellebelle,446,446
1509,Schulen,391,391
1509,Schulen-Sas,396,396
1509,Serskamp,460,460
1509,Sint-Truiden,224,259
1509,Testelt,430,430
1509,Tielt,411,411
1509,Tienen,95,174
1509,Torhout,341,341
1509,Veltem,247,247
1509,Vertrijk,185,185
1509,Wetteren,443,443
1509,Wezemaal,424,424
1509,Zaventem,260,260
1509,Zedelgem,332,332
1509,Zichem,397,397
1510,Aalst,708,708
1510,Aalter,72,120
1510,Aarschot,273,273
1510,Aarsele,361,361
1510,Alken,237,250
1510,Anderlecht,109,109
1510,Beernem,132,132
1510,Bellem,134,134
1510,Blankenberge,,57
1510,Bokrijk,334,359
1510,Brugge,102,114
1510,Brugge-Sint-Pieters,51,51
1510,Brussel-Centraal,161,218
1510,Brussel-Congres,195,195
1510,Brussel-Kapellekerk,151,151
1510,Brussel-Noord,197,224
1510,Brussel-Zuid,118,173
1510,Deinze,310,310
1510,Deinze-Wijksporen,372,372
1510,Denderleeuw,753,753
1510,De Pinte,292,292
1510,Diegem,251,251
1510,Diest,289,289
1510,Drongen,42,42
1510,Erembodegem,862,862
1510,Erps-Kwerps,160,160
1510,Ezemaal,162,162
1510,Genk,327,
1510,Gent-Sint-Pieters,87,107
1510,Hansbeke,111,111
1510,Haren-Zuid,246,246
1510,Hasselt,286,336
1510,Herent,240,240
1510,Kiewit,355,365
1510,Kortenberg,242,242
1510,Kortenberg-Goederen,616,616
1510,Kwatrecht,362,362
1510,Landegem,23,23
1510,Landen,155,156
1510,Langdorp,262,262
1510,Lede,642,642
1510,Leuven,228,218
1510,Lichtervelde,315,315
1510,Liedekerke,829,829
1510,Maria-Aalter,131,131
1510,Melle,349,349
1510,Merelbeke,325,325
1510,Neerwinden,141,141
1510,Nossegem,245,246
1510,Oostkamp,114,114
1510,Schaarbeek,205,205
1510,Schellebelle,465,465
1510,Schulen,240,240
1510,Schulen-Sas,256,256
1510,Serskamp,659,659
1510,Sint-Truiden,222,266
1510,Testelt,293,293
1510,Tielt,341,341
1510,Tienen,103,187
1510,Torhout,260,260
1510,Veltem,244,244
1510,Vertrijk,191,191
1510,Wetteren,424,424
1510,Wezemaal,274,274
1510,Zaventem,258,258
1510,Zedelgem,252,252
1510,Zichem,260,260
1511,Aalst,902,902
1511,Aalter,74,118
1511,Aarschot,367,367
1511,Aarsele,626,626
1511,Alken,267,283
1511,Anderlecht,111,111
1511,Beernem,130,130
1511,Bellem,104,104
1511,Blankenberge,,84
1511,Bokrijk,390,405
1511,Boortmeerbeek,817,817
1511,Brugge,111,124
1511,Brugge-Sint-Pieters,76,76
1511,Brussel-Centraal,191,254
1511,Brussel-Congres,232,232
1511,Brussel-Kapellekerk,178,178
1511,Brussel-Noord,237,257
1511,Brussel-Zuid,150,189
1511,Deinze,575,575
1511,Deinze-Wijksporen,633,633
1511,Denderleeuw,752,752
1511,De Pinte,564,564
1511,Diegem,292,292
1511,Diest,403,403
1511,Drongen,24,24
1511,Eppegem,772,772
1511,Erembodegem,986,986
1511,Erps-Kwerps,202,203
1511,Ezemaal,197,197
1511,Genk,376,
1511,Gent-Sint-Pieters,89,114
1511,Haacht,825,825
1511,Haacht-Wijkspoor,826,826
1511,Hambos,834,834
1511,Hansbeke,86,86
1511,Haren-Zuid,284,284
1511,Hasselt,328,391
1511,Herent,282,282
1511,Hever,809,809
1511,Hofstade,798,798
1511,Kiewit,407,414
1511,Kortenberg,255,255
1511,Kortenberg-Goederen,664,664
1511,Kwatrecht,769,769
1511,Landegem,11,11
1511,Landen,203,197
1511,Langdorp,360,360
1511,Lede,847,847
1511,Leuven,267,257
1511,Lichtervelde,559,559
1511,Liedekerke,882,882
1511,Machelen,502,502
1511,Maria-Aalter,129,129
1511,Melle,580,580
1511,Merelbeke,508,508
1511,Neerwinden,185,185
1511,Nossegem,289,290
1511,Oostkamp,109,109
1511,Schaarbeek,244,244
1511,Schaarbeek-Perron P.C.I.,246,246
1511,Schellebelle,807,807
1511,Schulen,338,338
1511,Schulen-Sas,336,336
1511,Serskamp,862,862
1511,Sint-Truiden,254,295
1511,Testelt,396,396
1511,Tielt,606,606
1511,Tienen,147,217
1511,Torhout,499,499
1511,Veltem,283,283
1511,Vertrijk,231,231
1511,Vilvoorde,637,637
1511,Wespelaar-Tildonk,827,827
1511,Wetteren,780,780
1511,Wezemaal,377,377
1511,Wijgmaal,842,842
1511,Zaventem,299,299
1511,Zedelgem,490,490
1511,Zichem,364,364
1512,Aalst,368,368
1512,Aalter,34,82
1512,Aarschot,437,437
1512,Aarsele,609,609
1512,Alken,230,250
1512,Anderlecht,160,160
1512,Beernem,96,96
1512,Bellem,87,87
1512,Blankenberge,,65
1512,Bokrijk,224,247
1512,Boortmeerbeek,5136,5136
1512,Brugge,92,85
1512,Brugge-Sint-Pieters,57,57
1512,Brussel-Centraal,149,202
1512,Brussel-Congres,177,177
1512,Brussel-Kapellekerk,156,156
1512,Brussel-Noord,177,201
1512,Brussel-Zuid,159,179
1512,Deinze,565,565
1512,Deinze-Wijksporen,624,624
1512,Denderleeuw,410,410
1512,De Pinte,543,543
1512,Diegem,220,220
1512,Diest,472,472
1512,Drongen,0,0
1512,Eppegem,835,835
1512,Erembodegem,430,430
1512,Erps-Kwerps,131,131
1512,Ezemaal,159,160
1512,Genk,209,
1512,Gent-Sint-Pieters,71,133
1512,Haacht,5341,5341
1512,Haacht-Wijkspoor,5447,5447
1512,Hambos,5548,5548
1512,Hansbeke,66,66
1512,Haren-Zuid,219,219
1512,Hasselt,294,236
1512,Herent,217,217
1512,Hever,5118,5118
1512,Hofstade,1024,4889
1512,Kiewit,247,261
1512,Kortenberg,184,184
1512,Kortenberg-Goederen,603,603
1512,Kwatrecht,268,268
1512,Landegem,12,12
1512,Landen,158,161
1512,Langdorp,419,419
1512,Lede,322,322
1512,Leuven,190,215
1512,Lichtervelde,575,575
1512,Liedekerke,513,513
1512,Machelen,774,774
1512,Maria-Aalter,96,96
1512,Melle,292,292
1512,Merelbeke,269,269
1512,Neerwinden,144,145
1512,Nossegem,216,217
1512,Oostkamp,73,73
1512,Schaarbeek,179,179
1512,Schaarbeek-Perron P.C.I.,506,506
1512,Schellebelle,266,266
1512,Schulen,439,439
1512,Schulen-Sas,443,443
1512,Serskamp,335,335
1512,Sint-Truiden,210,256
1512,Testelt,455,455
1512,Tielt,590,590
1512,Tienen,92,185
1512,Torhout,529,529
1512,Veltem,214,214
1512,Vertrijk,180,181
1512,Vilvoorde,818,818
1512,Wespelaar-Tildonk,5448,5448
1512,Wetteren,276,276
1512,Wezemaal,455,455
1512,Wijgmaal,5686,5686
1512,Zaventem,229,229
1512,Zedelgem,482,482
1512,Zichem,426,426
1513,Aalst,777,777
1513,Aalter,54,102
1513,Aarschot,376,376
1513,Aarsele,377,377
1513,Alken,284,323
1513,Anderlecht,98,98
1513,Beernem,116,116
1513,Bellem,113,113
1513,Blankenberge,,68
1513,Bokrijk,306,330
1513,Boortmeerbeek,4073,4073
1513,Brugge,98,121
1513,Brugge-Sint-Pieters,62,62
1513,Brussel-Centraal,132,188
1513,Brussel-Congres,150,150
1513,Brussel-Kapellekerk,151,151
1513,Brussel-Noord,165,188
1513,Brussel-Zuid,111,156
1513,Deinze,332,332
1513,Deinze-Wijksporen,384,384
1513,Denderleeuw,568,568
1513,De Pinte,297,297
1513,Diegem,205,205
1513,Diest,423,423
1513,Drongen,21,21
1513,Eppegem,2858,2858
1513,Erembodegem,811,811
1513,Erps-Kwerps,116,116
1513,Ezemaal,166,166
1513,Genk,296,
1513,Gent-Sint-Pieters,64,98
1513,Haacht,4199,4199
1513,Haacht-Wijkspoor,4316,4316
1513,Hambos,4771,4771
1513,Hansbeke,89,89
1513,Haren-Zuid,199,199
1513,Hasselt,362,322
1513,Herent,200,200
1513,Hever,3956,3956
1513,Hofstade,3536,3536
1513,Kiewit,335,339
1513,Kortenberg,171,171
1513,Kortenberg-Goederen,489,489
1513,Kwatrecht,606,606
1513,Landegem,34,34
1513,Landen,154,159
1513,Langdorp,397,397
1513,Lede,674,674
1513,Leuven,196,243
1513,Lichtervelde,352,352
1513,Liedekerke,673,673
1513,Machelen,91,91
1513,Maria-Aalter,114,114
1513,Melle,438,438
1513,Merelbeke,434,434
1513,Neerwinden,140,140
1513,Nossegem,205,205
1513,Oostkamp,111,111
1513,Schaarbeek,154,154
1513,Schaarbeek-Perron P.C.I.,93,93
1513,Schellebelle,618,618
1513,Schulen,390,390
1513,Schulen-Sas,392,392
1513,Serskamp,685,685
1513,Sint-Truiden,219,309
1513,Testelt,413,413
1513,Tielt,357,357
1513,Tienen,106,187
1513,Torhout,316,316
1513,Veltem,197,197
1513,Vertrijk,198,198
1513,Vilvoorde,98,98
1513,Wespelaar-Tildonk,4317,4317
1513,Wetteren,618,618
1513,Wezemaal,379,379
1513,Wijgmaal,5612,5612
1513,Zaventem,214,214
1513,Zedelgem,309,309
1513,Zichem,381,381
1514,Aalst,268,268
1514,Aalter,50,112
1514,Aarschot,263,263
1514,Aarsele,282,282
1514,Alken,552,579
1514,Anderlecht,93,93
1514,Beernem,110,110
1514,Bellem,117,117
1514,Blankenberge,,56
1514,Bokrijk,635,658
1514,Brugge,84,105
1514,Brugge-Sint-Pieters,55,55
1514,Brussel-Centraal,252,322
1514,Brussel-Congres,331,331
1514,Brussel-Kapellekerk,179,179
1514,Brussel-Noord,314,339
1514,Brussels Airport - Zaventem,1276,1276
1514,Brussel-West,890,890
1514,Brussel-Zuid,118,180
1514,Deinze,224,224
1514,Deinze-Wijksporen,280,280
1514,Denderleeuw,273,273
1514,De Pinte,198,198
1514,Diegem,383,383
1514,Diest,320,320
1514,Drongen,27,27
1514,Erembodegem,336,336
1514,Erps-Kwerps,302,301
1514,Ezemaal,367,367
1514,Genk,631,
1514,Gent-Sint-Pieters,74,107
1514,Hansbeke,99,99
1514,Haren-Zuid,369,369
1514,Hasselt,591,626
1514,Herent,386,386
1514,Kiewit,641,660
1514,Kortenberg,395,395
1514,Kortenberg-Goederen,839,839
1514,Kwatrecht,72,72
1514,Landegem,0,0
1514,Landen,402,433
1514,Langdorp,249,249
1514,Lede,149,149
1514,Leuven,373,409
1514,Lichtervelde,253,258
1514,Liedekerke,407,407
1514,Maria-Aalter,108,108
1514,Melle,76,76
1514,Merelbeke,70,70
1514,Neerwinden,383,383
1514,Nossegem,390,390
1514,Oostkamp,102,102
1514,Schaarbeek,324,324
1514,Schellebelle,61,61
1514,Schulen,290,290
1514,Schulen-Sas,291,291
1514,Serskamp,140,140
1514,Simonis,895,895
1514,Sint-Truiden,498,575
1514,Testelt,290,290
1514,Thurn en Taxis,898,898
1514,Tielt,264,264
1514,Tienen,328,385
1514,Torhout,217,217
1514,Veltem,384,384
1514,Vertrijk,405,405
1514,Wetteren,67,67
1514,Wezemaal,278,278
1514,Zaventem,390,390
1514,Zedelgem,210,210
1514,Zichem,280,280
1515,Aalst,374,374
1515,Aalter,23,95
1515,Aarschot,298,298
1515,Aarsele,236,236
1515,Alken,464,493
1515,Anderlecht,130,130
1515,Beernem,82,82
1515,Bellem,102,102
1515,Blankenberge,,62
1515,Bokrijk,501,525
1515,Boortmeerbeek,1889,1889
1515,Brugge,78,87
1515,Brugge-Sint-Pieters,51,51
1515,Brussel-Centraal,351,433
1515,Brussel-Congres,440,440
1515,Brussel-Kapellekerk,254,254
1515,Brussel-Noord,418,442
1515,Brussel-Zuid,162,242
1515,Deinze,186,186
1515,Deinze-Wijksporen,247,247
1515,Denderleeuw,468,727
1515,De Pinte,261,261
1515,Diegem,454,454
1515,Diest,344,344
1515,Drongen,13,13
1515,Eppegem,1850,1850
1515,Erembodegem,685,685
1515,Erps-Kwerps,372,371
1515,Ezemaal,396,396
1515,Genk,493,
1515,Gent-Sint-Pieters,93,131
1515,Gent-Sint-Pieters-Bundels,280,280
1515,Haacht,1896,1896
1515,Haacht-Wijkspoor,1898,1898
1515,Hambos,1912,1912
1515,Hansbeke,80,80
1515,Haren-Zuid,470,470
1515,Hasselt,532,503
1515,Herent,467,467
1515,Hever,1881,1881
1515,Hofstade,1873,1873
1515,Kiewit,520,529
1515,Kortenberg,470,470
1515,Kortenberg-Goederen,670,670
1515,Kwatrecht,322,322
1515,Landegem,-5,-5
1515,Landen,395,382
1515,Langdorp,290,290
1515,Lede,334,334
1515,Leuven,461,420
1515,Lichtervelde,196,196
1515,Liedekerke,806,806
1515,Machelen,1785,1785
1515,Maria-Aalter,81,81
1515,Melle,334,334
1515,Merelbeke,302,302
1515,Neerwinden,383,383
1515,Nossegem,463,463
1515,Oostkamp,74,74
1515,Schaarbeek,419,419
1515,Schaarbeek-Perron P.C.I.,1540,1540
1515,Schellebelle,295,295
1515,Schulen,316,316
1515,Schulen-Sas,348,348
1515,Serskamp,362,362
1515,Sint-Truiden,442,481
1515,Testelt,328,328
1515,Tielt,215,215
1515,Tienen,357,416
1515,Torhout,164,164
1515,Veltem,455,455
1515,Vertrijk,427,427
1515,Vilvoorde,1842,1842
1515,Wespelaar-Tildonk,1899,1899
1515,Wetteren,315,315
1515,Wezemaal,294,294
1515,Wijgmaal,1919,1919
1515,Zaventem,460,460
1515,Zedelgem,153,153
1515,Zichem,299,299
1516,Aalst,366,366
1516,Aalter,88,143
1516,Aarschot,266,266
1516,Aarsele,385,385
1516,Alken,377,396
1516,Anderlecht,118,118
1516,Beernem,111,111
1516,Bellem,153,153
1516,Blankenberge,,61
1516,Bokrijk,355,375
1516,Boortmeerbeek,1277,1277
1516,Brugge,94,105
1516,Brugge-Sint-Pieters,52,52
1516,Brussel-Centraal,206,281
1516,Brussel-Congres,245,245
1516,Brussel-Kapellekerk,186,186
1516,Brussel-Noord,260,280
1516,Brussel-Zuid,152,189
1516,Deinze,341,341
1516,Deinze-Wijksporen,408,408
1516,Denderleeuw,363,363
1516,De Pinte,320,320
1516,Diegem,315,315
1516,Diest,312,312
1516,Drongen,61,61
1516,Eppegem,844,844
1516,Erembodegem,428,428
1516,Erps-Kwerps,232,232
1516,Ezemaal,262,262
1516,Genk,346,
1516,Gent-Sint-Pieters,116,138
1516,Gent-Sint-Pieters-Bundels,765,765
1516,Haacht,1281,1281
1516,Haacht-Wijkspoor,1282,1282
1516,Hambos,1288,1288
1516,Hansbeke,130,130
1516,Haren-Zuid,308,308
1516,Hasselt,425,368
1516,Herent,320,320
1516,Hever,1267,1267
1516,Hofstade,971,971
1516,Kiewit,382,384
1516,Kortenberg,284,284
1516,Kortenberg-Goederen,433,433
1516,Kwatrecht,61,61
1516,Landegem,45,45
1516,Landen,275,264
1516,Langdorp,263,263
1516,Lede,248,248
1516,Leuven,304,301
1516,Leuven-Bundel M,-23,-23
1516,Lichtervelde,336,337
1516,Liedekerke,467,467
1516,Machelen,589,589
1516,Maria-Aalter,115,115
1516,Melle,123,123
1516,Merelbeke,157,157
1516,Neerwinden,267,267
1516,Nossegem,319,320
1516,Oostkamp,94,94
1516,Schaarbeek,263,271
1516,Schaarbeek-Perron P.C.I.,587,587
1516,Schellebelle,110,110
1516,Schulen,255,255
1516,Schulen-Sas,275,275
1516,Serskamp,229,229
1516,Sint-Truiden,327,397
1516,Testelt,299,299
1516,Tielt,361,361
1516,Tienen,216,279
1516,Torhout,265,265
1516,Veltem,311,311
1516,Vertrijk,292,292
1516,Vilvoorde,702,702
1516,Wespelaar-Tildonk,1283,1283
1516,Wetteren,78,78
1516,Wezemaal,255,255
1516,Wijgmaal,1293,1293
1516,Zaventem,323,323
1516,Zedelgem,260,260
1516,Zichem,266,266
1517,Aalst,856,872
1517,Aalter,90,146
1517,Aarschot,285,285
1517,Aarsele,581,581
1517,Alken,302,317
1517,Anderlecht,119,119
1517,Beernem,140,140
1517,Bellem,146,146
1517,Blankenberge,,77
1517,Bokrijk,332,343
1517,Boortmeerbeek,1285,1285
1517,Brugge,168,140
1517,Brugge-Sint-Pieters,99,99
1517,Brussel-Centraal,181,247
1517,Brussel-Congres,260,260
1517,Brussel-Kapellekerk,182,182
1517,Brussel-Noord,227,247
1517,Brussel-Zuid,154,192
1517,Deinze,538,538
1517,Deinze-Wijksporen,601,601
1517,Denderleeuw,722,747
1517,De Pinte,523,523
1517,Diegem,273,273
1517,Diest,319,323
1517,Drongen,61,61
1517,Eppegem,1056,1056
1517,Erembodegem,910,922
1517,Erps-Kwerps,180,180
1517,Ezemaal,234,234
1517,Genk,323,
1517,Gent-Sint-Pieters,129,128
1517,Gent-Sint-Pieters-Bundels,201,201
1517,Haacht,1308,1308
1517,Haacht-Wijkspoor,1313,1313
1517,Hambos,1322,1322
1517,Hansbeke,132,132
1517,Haren-Zuid,270,270
1517,Hasselt,354,345
1517,Herent,265,265
1517,Hever,1273,1273
1517,Hofstade,1262,1262
1517,Kiewit,357,356
1517,Kortenberg,233,233
1517,Kortenberg-Goederen,277,277
1517,Kwatrecht,748,748
1517,Landegem,32,33
1517,Landen,227,220
1517,Langdorp,272,272
1517,Lede,819,830
1517,Leuven,247,260
1517,Lichtervelde,523,523
1517,Liedekerke,863,867
1517,Machelen,846,846
1517,Maria-Aalter,139,139
1517,Melle,596,596
1517,Merelbeke,536,536
1517,Neerwinden,254,255
1517,Nossegem,272,273
1517,Oostkamp,120,120
1517,Schaarbeek,233,233
1517,Schaarbeek-Perron P.C.I.,847,847
1517,Schellebelle,782,782
1517,Schulen,401,404
1517,Schulen-Sas,422,422
1517,Serskamp,814,814
1517,Sint-Truiden,285,329
1517,Testelt,311,311
1517,Tielt,549,549
1517,Tienen,165,250
1517,Torhout,467,467
1517,Veltem,262,262
1517,Vertrijk,250,250
1517,Vilvoorde,896,896
1517,Wespelaar-Tildonk,1314,1314
1517,Wetteren,749,767
1517,Wezemaal,288,288
1517,Wijgmaal,1324,1324
1517,Zaventem,280,280
1517,Zedelgem,461,461
1517,Zichem,281,281
1518,Aalst,675,675
1518,Aalter,38,103
1518,Aarschot,459,459
1518,Aarsele,469,469
1518,Alken,224,243
1518,Anderlecht,108,108
1518,Beernem,96,96
1518,Bellem,112,112
1518,Blankenberge,,71
1518,Bokrijk,232,256
1518,Boortmeerbeek,1388,1388
1518,Brugge,133,104
1518,Brugge-Sint-Pieters,85,85
1518,Brussel-Centraal,145,206
1518,Brussel-Congres,182,182
1518,Brussel-Kapellekerk,148,148
1518,Brussel-Noord,186,206
1518,Brussels Airport - Zaventem,545,545
1518,Brussel-Zuid,112,166
1518,Deinze,411,411
1518,Deinze-Wijksporen,466,466
1518,Denderleeuw,644,652
1518,De Pinte,401,401
1518,Diegem,221,221
1518,Diest,516,516
1518,Drongen,20,20
1518,Eppegem,1235,1235
1518,Erembodegem,835,835
1518,Erps-Kwerps,133,133
1518,Ezemaal,157,157
1518,Genk,229,
1518,Gent-Sint-Pieters,86,118
1518,Gent-Sint-Pieters-Bundels,234,234
1518,Haacht,1396,1396
1518,Haacht-Wijkspoor,1401,1401
1518,Hambos,1426,1426
1518,Hansbeke,90,90
1518,Haren-Zuid,221,221
1518,Hasselt,313,244
1518,Herent,220,220
1518,Hever,1379,1379
1518,Hofstade,1338,1338
1518,Kiewit,257,265
1518,Kortenberg,215,215
1518,Kortenberg-Goederen,392,392
1518,Kwatrecht,515,515
1518,Landegem,32,32
1518,Landen,149,157
1518,Langdorp,459,459
1518,Lede,573,573
1518,Leuven,205,224
1518,Lichtervelde,406,406
1518,Liedekerke,742,742
1518,Machelen,1095,1095
1518,Maria-Aalter,94,94
1518,Melle,432,432
1518,Merelbeke,406,406
1518,Neerwinden,137,137
1518,Nossegem,224,225
1518,Oostkamp,85,85
1518,Schaarbeek,187,187
1518,Schaarbeek-Perron P.C.I.,1092,1092
1518,Schellebelle,556,556
1518,Schulen,490,490
1518,Schulen-Sas,515,515
1518,Serskamp,590,590
1518,Sint-Truiden,211,253
1518,Testelt,498,498
1518,Tielt,414,414
1518,Tienen,95,180
1518,Torhout,316,316
1518,Veltem,215,215
1518,Vertrijk,179,179
1518,Vilvoorde,1141,1141
1518,Wespelaar-Tildonk,1408,1408
1518,Wetteren,525,525
1518,Wezemaal,449,449
1518,Wijgmaal,1431,1431
1518,Zaventem,227,227
1518,Zedelgem,303,303
1518,Zichem,467,467
1519,Aalst,497,497
1519,Aalter,83,152
1519,Aarschot,380,380
1519,Aarsele,494,494
1519,Alken,269,288
1519,Anderlecht,149,149
1519,Beernem,133,133
1519,Bellem,154,154
1519,Blankenberge,,76
1519,Bokrijk,263,281
1519,Boortmeerbeek,1387,1387
1519,Brugge,141,126
1519,Brugge-Sint-Pieters,93,93
1519,Brussel-Centraal,188,239
1519,Brussel-Congres,216,216
1519,Brussel-Kapellekerk,195,195
1519,Brussel-Noord,218,230
1519,Brussels Airport - Zaventem,1021,1021
1519,Brussel-Zuid,155,205
1519,Deinze,449,449
1519,Deinze-Wijksporen,524,524
1519,Denderleeuw,414,432
1519,De Pinte,461,461
1519,Diegem,237,237
1519,Diest,454,454
1519,Drongen,73,73
1519,Eppegem,1125,1125
1519,Erembodegem,550,550
1519,Erps-Kwerps,149,149
1519,Ezemaal,197,202
1519,Genk,259,
1519,Gent-Sint-Pieters,130,150
1519,Haacht,1386,1386
1519,Haacht-Wijkspoor,1431,1431
1519,Hambos,1448,1448
1519,Hansbeke,140,141
1519,Haren-Zuid,241,241
1519,Hasselt,363,281
1519,Herent,229,229
1519,Hever,1408,1408
1519,Hofstade,1192,1192
1519,Kiewit,289,292
1519,Kortenberg,200,200
1519,Kortenberg-Goederen,83,83
1519,Kwatrecht,357,357
1519,Landegem,45,45
1519,Landen,195,196
1519,Langdorp,396,396
1519,Lede,439,439
1519,Leuven,218,242
1519,Lichtervelde,356,356
1519,Liedekerke,543,543
1519,Machelen,1104,1104
1519,Maria-Aalter,131,131
1519,Mechelen,1981,
1519,Melle,374,374
1519,Merelbeke,246,246
1519,Muizen,1947,1947
1519,Neerwinden,179,179
1519,Nossegem,238,239
1519,Oostkamp,119,119
1519,Schaarbeek,200,200
1519,Schaarbeek-Perron P.C.I.,1103,1103
1519,Schellebelle,389,389
1519,Schulen,418,418
1519,Schulen-Sas,442,442
1519,Serskamp,459,459
1519,Sint-Truiden,256,297
1519,Testelt,430,430
1519,Tielt,416,416
1519,Tienen,104,212
1519,Torhout,310,310
1519,Veltem,226,226
1519,Vertrijk,196,196
1519,Vilvoorde,1110,1110
1519,Wespelaar-Tildonk,1428,1428
1519,Wetteren,388,388
1519,Wezemaal,397,397
1519,Wijgmaal,1473,1473
1519,Zaventem,245,245
1519,Zedelgem,304,304
1519,Zichem,403,403
1520,Aalst,1132,1132
1520,Aalter,77,128
1520,Aarschot,636,636
1520,Aarsele,744,744
1520,Alken,186,212
1520,Anderlecht,194,194
1520,Antwerpen-Berchem,1308,1463
1520,Beernem,131,131
1520,Begijnendijk,1516,1516
1520,Bellem,133,133
1520,Berlaar,1504,1504
1520,Blankenberge,,71
1520,Boechout,1476,1476
1520,Bokrijk,417,430
1520,Booischot,1513,1513
1520,Boortmeerbeek,188,188
1520,Brugge,122,141
1520,Brugge-Bundels U/V,500,500
1520,Brugge-Sint-Pieters,72,72
1520,Brussel-Centraal,190,244
1520,Brussel-Congres,204,204
1520,Brussel-Kapellekerk,217,217
1520,Brussel-Noord,215,270
1520,Brussel-Zuid,183,224
1520,Buda,,
1520,Deinze,699,699
1520,Deinze-Wijksporen,786,786
1520,Denderleeuw,836,843
1520,De Pinte,739,739
1520,Diegem,281,281
1520,Diest,736,738
1520,Drongen,52,52
1520,Duffel,1230,1230
1520,Eppegem,576,576
1520,Erembodegem,1180,1180
1520,Erps-Kwerps,191,191
1520,Ezemaal,178,179
1520,Genk,351,
1520,Gent-Sint-Pieters,153,175
1520,Haacht,191,191
1520,Haacht-Wijkspoor,190,190
1520,Hambos,194,194
1520,Hansbeke,111,111
1520,Haren-Zuid,285,285
1520,Hasselt,306,424
1520,Heist-op-den-Berg,1512,1512
1520,Herent,273,273
1520,Hever,181,181
1520,Hofstade,176,176
1520,Hove,1239,1239
1520,Kiewit,438,439
1520,Kontich-Lint,1237,1237
1520,Kortenberg,244,244
1520,Kortenberg-Goederen,321,321
1520,Kwatrecht,538,538
1520,Landegem,60,60
1520,Landen,162,163
1520,Langdorp,679,679
1520,Lede,778,778
1520,Leuven,248,268
1520,Lichtervelde,664,664
1520,Liedekerke,950,950
1520,Lier,1487,1487
1520,Machelen,151,151
1520,Maria-Aalter,132,132
1520,Mechelen,1057,1190
1520,Mechelen-Nekkerspoel,1208,1208
1520,Melkouwen,1506,1506
1520,Melle,403,403
1520,Merelbeke,263,339
1520,Mortsel,1366,1366
1520,Mortsel-Liersesteenweg,1251,1251
1520,Neerwinden,151,151
1520,Nossegem,279,279
1520,Oostkamp,115,115
1520,Schaarbeek,252,252
1520,Schaarbeek-Perron P.C.I.,153,153
1520,Schellebelle,637,637
1520,Schulen,726,726
1520,Schulen-Sas,729,729
1520,Serskamp,692,692
1520,Sint-Katelijne-Waver,1226,1226
1520,Sint-Truiden,198,224
1520,Testelt,715,715
1520,Tielt,675,675
1520,Tienen,104,203
1520,Torhout,622,622
1520,Veltem,270,270
1520,Vertrijk,192,192
1520,Vilvoorde,581,581
1520,Weerde,1003,1003
1520,Wespelaar-Tildonk,191,191
1520,Wetteren,574,574
1520,Wezemaal,640,640
1520,Wijgmaal,196,196
1520,Zaventem,286,286
1520,Zedelgem,609,609
1520,Zichem,688,688
1521,Blankenberge,,60
1521,Brugge,91,
1521,Brugge-Sint-Pieters,53,53
1522,Blankenberge,,59
1522,Brugge,88,
1522,Brugge-Sint-Pieters,55,55
1525,Blankenberge,83,
1525,Brugge,,49
1525,Brugge-Sint-Pieters,89,89
1526,Blankenberge,103,
1526,Brugge,,63
1526,Brugge-Sint-Pieters,45,45
1527,Aalst,653,653
1527,Aalter,136,194
1527,Aarschot,1820,1820
1527,Alken,113,141
1527,Anderlecht,65,65
1527,Beernem,189,189
1527,Bellem,178,178
1527,Blankenberge,157,
1527,Brugge,205,130
1527,Brugge-Bundels U/V,618,618
1527,Brugge-Sint-Pieters,111,111
1527,Brussel-Centraal,115,163
1527,Brussel-Congres,130,130
1527,Brussel-Kapellekerk,109,109
1527,Brussel-Noord,112,124
1527,Brussel-Zuid,129,119
1527,Denderleeuw,452,525
1527,Diegem,153,153
1527,Diest,1735,1735
1527,Drongen,138,138
1527,Erembodegem,637,637
1527,Erps-Kwerps,115,115
1527,Ezemaal,149,153
1527,Gent-Sint-Pieters,86,132
1527,Hansbeke,144,144
1527,Haren-Zuid,117,117
1527,Hasselt,3244,93
1527,Herent,137,137
1527,Kortenberg,129,129
1527,Kortenberg-Goederen,112,112
1527,Kwatrecht,736,736
1527,Landegem,169,169
1527,Landen,250,246
1527,Langdorp,1790,1790
1527,Lede,670,670
1527,Leuven,132,126
1527,Liedekerke,394,394
1527,Maria-Aalter,183,183
1527,Melle,830,830
1527,Merelbeke,841,841
1527,Neerwinden,132,132
1527,Nossegem,136,136
1527,Oostkamp,154,154
1527,Schaarbeek,102,103
1527,Schellebelle,705,705
1527,Schulen,1717,1717
1527,Schulen-Sas,1735,1735
1527,Serskamp,673,673
1527,Sint-Truiden,115,149
1527,Testelt,1750,1750
1527,Tienen,115,172
1527,Veltem,153,153
1527,Vertrijk,133,135
1527,Wetteren,694,694
1527,Wezemaal,1868,1868
1527,Zaventem,141,141
1527,Zichem,1742,1742
1528,Aalter,230,292
1528,Aarschot,1025,1025
1528,Aarsele,963,963
1528,Alken,111,143
1528,Anderlecht,126,126
1528,Beernem,280,280
1528,Bellem,227,227
1528,Blankenberge,174,
1528,Bokrijk,36,117
1528,Brugge,288,157
1528,Brugge-Sint-Pieters,174,174
1528,Brussel-Centraal,170,201
1528,Brussel-Congres,167,167
1528,Brussel-Kapellekerk,152,152
1528,Brussel-Noord,129,167
1528,Brussel-Zuid,169,174
1528,Deinze,965,965
1528,Deinze-Wijksporen,900,900
1528,De Pinte,866,866
1528,Diegem,175,175
1528,Diest,902,902
1528,Drongen,161,161
1528,Erps-Kwerps,143,143
1528,Ezemaal,147,148
1528,Genk,,47
1528,Gent-Sint-Pieters,139,160
1528,Hansbeke,173,173
1528,Haren-Zuid,138,138
1528,Hasselt,144,108
1528,Herent,163,163
1528,Kiewit,85,61
1528,Kortenberg,155,155
1528,Kortenberg-Goederen,586,586
1528,Landegem,187,187
1528,Landen,206,214
1528,Langdorp,920,920
1528,Leuven,174,153
1528,Lichtervelde,1022,1022
1528,Maria-Aalter,270,270
1528,Melle,246,246
1528,Merelbeke,286,286
1528,Neerwinden,130,130
1528,Nossegem,163,163
1528,Oostkamp,243,243
1528,Schaarbeek,121,121
1528,Schulen,887,887
1528,Schulen-Sas,897,897
1528,Sint-Truiden,122,145
1528,Testelt,914,914
1528,Tielt,987,987
1528,Tienen,108,167
1528,Torhout,1050,1050
1528,Veltem,178,178
1528,Vertrijk,126,126
1528,Wezemaal,1090,1090
1528,Zaventem,166,166
1528,Zedelgem,1063,1063
1528,Zichem,910,910
1529,Aalst,303,303
1529,Aalter,244,296
1529,Aarschot,72,72
1529,Aarsele,390,390
1529,Alken,168,215
1529,Anderlecht,292,292
1529,Beernem,284,284
1529,Bellem,286,286
1529,Blankenberge,258,
1529,Bockstael,217,217
1529,Bokrijk,47,136
1529,Brugge,302,260
1529,Brugge-Bundels U/V,92,92
1529,Brugge-Sint-Pieters,235,235
1529,Brussel-Centraal,247,300
1529,Brussel-Congres,226,226
1529,Brussel-Kapellekerk,256,256
1529,Brussel-Noord,205,219
1529,Brussel-West,1208,1208
1529,Brussel-Zuid,280,329
1529,Deinze,424,424
1529,Deinze-Wijksporen,338,338
1529,Denderleeuw,199,179
1529,De Pinte,383,383
1529,Diegem,226,227
1529,Diest,38,38
1529,Dilbeek,138,138
1529,Drongen,269,269
1529,Erembodegem,282,282
1529,Erps-Kwerps,230,230
1529,Essene-Lombeek,82,82
1529,Ezemaal,263,263
1529,Genk,,51
1529,Gent-Sint-Pieters,289,270
1529,Groot-Bijgaarden,184,184
1529,Hansbeke,261,261
1529,Haren-Zuid,189,189
1529,Hasselt,185,148
1529,Herent,252,253
1529,Jette,161,161
1529,Kiewit,107,84
1529,Kortenberg,244,245
1529,Kortenberg-Goederen,747,747
1529,Kwatrecht,231,231
1529,Landegem,239,239
1529,Landen,322,338
1529,Langdorp,-17,-17
1529,Lede,312,312
1529,Leuven,221,223
1529,Leuven-Bundel M,1791,1791
1529,Lichtervelde,350,350
1529,Liedekerke,127,127
1529,Maria-Aalter,279,279
1529,Melle,252,252
1529,Merelbeke,268,268
1529,Neerwinden,252,252
1529,Nossegem,214,214
1529,Oostkamp,241,241
1529,Schaarbeek,221,223
1529,Schellebelle,276,276
1529,Schulen,131,131
1529,Schulen-Sas,139,139
1529,Serskamp,321,321
1529,Simonis,1279,1279
1529,Sint-Agatha-Berchem,139,139
1529,Sint-Martens-Bodegem,161,161
1529,Sint-Truiden,201,234
1529,Ternat,133,133
1529,Testelt,27,27
1529,Thurn en Taxis,1333,1333
1529,Tielt,418,418
1529,Tienen,234,295
1529,Torhout,415,415
1529,Veltem,213,214
1529,Vertrijk,253,253
1529,Wetteren,226,226
1529,Wezemaal,94,94
1529,Zaventem,217,217
1529,Zedelgem,432,432
1529,Zichem,21,21
1530,Aalst,540,540
1530,Aalter,274,325
1530,Aarschot,-39,-39
1530,Aarsele,344,344
1530,Alken,159,202
1530,Anderlecht,275,275
1530,Beernem,311,311
1530,Bellem,305,305
1530,Blankenberge,286,
1530,Bockstael,941,941
1530,Bokrijk,56,148
1530,Brugge,320,290
1530,Brugge-Sint-Pieters,256,256
1530,Brussel-Centraal,235,308
1530,Brussel-Congres,217,217
1530,Brussel-Kapellekerk,261,261
1530,Brussel-Noord,196,214
1530,Brussel-West,2667,2667
1530,Brussel-Zuid,277,323
1530,Deinze,378,378
1530,Deinze-Wijksporen,309,309
1530,Denderleeuw,400,433
1530,De Pinte,349,349
1530,Diegem,224,224
1530,Diest,7,7
1530,Dilbeek,839,839
1530,Drongen,280,280
1530,Erembodegem,516,516
1530,Erps-Kwerps,234,234
1530,Essene-Lombeek,770,770
1530,Ezemaal,242,243
1530,Genk,,61
1530,Gent-Sint-Pieters,270,283
1530,Groot-Bijgaarden,889,889
1530,Hansbeke,315,315
1530,Haren-Zuid,184,184
1530,Hasselt,151,144
1530,Herent,251,252
1530,Jette,881,881
1530,Kiewit,113,96
1530,Kortenberg,246,246
1530,Kortenberg-Goederen,666,666
1530,Kwatrecht,496,496
1530,Landegem,302,302
1530,Landen,267,312
1530,Langdorp,-87,-87
1530,Lede,572,572
1530,Leuven,206,230
1530,Lichtervelde,289,289
1530,Liedekerke,330,330
1530,Maria-Aalter,306,306
1530,Melle,509,509
1530,Merelbeke,522,522
1530,Neerwinden,240,240
1530,Nossegem,241,241
1530,Oostkamp,257,257
1530,Schaarbeek,221,222
1530,Schellebelle,543,543
1530,Schulen,109,109
1530,Schulen-Sas,110,110
1530,Serskamp,563,563
1530,Simonis,2664,2664
1530,Sint-Agatha-Berchem,853,853
1530,Sint-Martens-Bodegem,859,859
1530,Sint-Truiden,187,232
1530,Ternat,829,829
1530,Testelt,-32,-32
1530,Thurn en Taxis,2663,2663
1530,Tielt,371,371
1530,Tienen,226,285
1530,Torhout,348,348
1530,Veltem,231,231
1530,Vertrijk,252,252
1530,Wetteren,492,492
1530,Wezemaal,-53,-53
1530,Zaventem,215,215
1530,Zedelgem,374,374
1530,Zichem,-9,-9
1531,Aalst,743,743
1531,Aalter,358,416
1531,Aarschot,-29,-29
1531,Aarsele,621,621
1531,Alken,185,231
1531,Anderlecht,382,382
1531,Beernem,404,404
1531,Bellem,394,394
1531,Blankenberge,436,
1531,Bockstael,611,611
1531,Bokrijk,63,151
1531,Brugge,419,436
1531,Brugge-Sint-Pieters,410,410
1531,Brussel-Centraal,329,419
1531,Brussel-Congres,306,306
1531,Brussel-Kapellekerk,380,380
1531,Brussel-Noord,253,303
1531,Brussel-Zuid,393,421
1531,Deinze,593,593
1531,Deinze-Wijksporen,509,509
1531,Denderleeuw,684,654
1531,De Pinte,488,490
1531,Diegem,273,273
1531,Diest,4,4
1531,Dilbeek,516,516
1531,Drongen,352,352
1531,Erembodegem,714,714
1531,Erps-Kwerps,251,251
1531,Essene-Lombeek,648,648
1531,Ezemaal,273,275
1531,Genk,,53
1531,Gent-Sint-Pieters,372,355
1531,Groot-Bijgaarden,565,565
1531,Hansbeke,372,372
1531,Haren-Zuid,237,237
1531,Hasselt,187,162
1531,Herent,272,273
1531,Jette,555,555
1531,Kiewit,121,115
1531,Kortenberg,261,261
1531,Kortenberg-Goederen,647,647
1531,Kwatrecht,849,849
1531,Landegem,364,364
1531,Landen,307,341
1531,Langdorp,-75,-75
1531,Lede,769,769
1531,Leuven,218,251
1531,Lichtervelde,529,529
1531,Liedekerke,607,607
1531,Maria-Aalter,398,398
1531,Melle,763,763
1531,Merelbeke,781,781
1531,Neerwinden,266,266
1531,Nossegem,267,267
1531,Oostkamp,349,349
1531,Schaarbeek,233,234
1531,Schellebelle,821,821
1531,Schulen,101,101
1531,Schulen-Sas,108,108
1531,Serskamp,777,777
1531,Sint-Agatha-Berchem,524,524
1531,Sint-Martens-Bodegem,537,537
1531,Sint-Truiden,217,261
1531,Ternat,514,514
1531,Testelt,-37,-37
1531,Tielt,595,595
1531,Tienen,238,306
1531,Torhout,750,750
1531,Veltem,275,275
1531,Vertrijk,264,264
1531,Wetteren,839,839
1531,Wezemaal,-48,-48
1531,Zaventem,264,264
1531,Zedelgem,740,740
1531,Zichem,-8,-8
1532,Aalst,1609,1609
1532,Aalter,240,290
1532,Aarschot,10,10
1532,Aarsele,558,558
1532,Alken,165,211
1532,Anderlecht,274,274
1532,Beernem,279,279
1532,Bellem,278,278
1532,Blankenberge,265,
1532,Bokrijk,39,123
1532,Brugge,274,265
1532,Brugge-Sint-Pieters,269,269
1532,Brussel-Centraal,244,320
1532,Brussel-Congres,245,245
1532,Brussel-Kapellekerk,277,277
1532,Brussel-Noord,218,247
1532,Brussel-Zuid,288,314
1532,Deinze,546,546
1532,Deinze-Wijksporen,453,453
1532,Denderleeuw,1183,1183
1532,De Pinte,404,404
1532,Diegem,254,254
1532,Diest,41,43
1532,Drongen,267,267
1532,Erembodegem,1589,1589
1532,Erps-Kwerps,224,224
1532,Ezemaal,258,259
1532,Genk,,49
1532,Gent-Sint-Pieters,275,283
1532,Hansbeke,256,256
1532,Haren-Zuid,209,209
1532,Hasselt,124,149
1532,Herent,239,240
1532,Kiewit,82,62
1532,Kortenberg,234,234
1532,Kortenberg-Goederen,508,508
1532,Kwatrecht,1626,1626
1532,Landegem,278,278
1532,Landen,317,332
1532,Langdorp,-46,-46
1532,Lede,1643,1643
1532,Leuven,179,218
1532,Lichtervelde,442,442
1532,Liedekerke,1132,1132
1532,Maria-Aalter,271,271
1532,Melle,1101,1101
1532,Merelbeke,1118,1118
1532,Neerwinden,254,254
1532,Nossegem,240,240
1532,Oostkamp,228,228
1532,Schaarbeek,204,204
1532,Schellebelle,1614,1614
1532,Schulen,131,131
1532,Schulen-Sas,142,142
1532,Serskamp,1652,1652
1532,Sint-Truiden,185,243
1532,Testelt,-3,-3
1532,Tielt,533,533
1532,Tienen,216,263
1532,Torhout,540,540
1532,Veltem,250,250
1532,Vertrijk,220,220
1532,Wetteren,1617,1617
1532,Wezemaal,25,25
1532,Zaventem,244,244
1532,Zedelgem,528,528
1532,Zichem,28,28
1533,Aalst,759,759
1533,Aalter,219,272
1533,Aarschot,-37,-37
1533,Aarsele,395,395
1533,Alken,165,217
1533,Anderlecht,218,218
1533,Beernem,257,257
1533,Bellem,224,224
1533,Blankenberge,303,
1533,Bokrijk,54,141
1533,Brugge,249,298
1533,Brugge-Sint-Pieters,303,303
1533,Brussel-Centraal,203,274
1533,Brussel-Congres,210,210
1533,Brussel-Kapellekerk,234,234
1533,Brussel-Noord,182,209
1533,Brussel-Zuid,247,258
1533,Deinze,375,375
1533,Deinze-Wijksporen,278,278
1533,Denderleeuw,442,442
1533,De Pinte,227,227
1533,Diegem,214,214
1533,Diest,-7,-7
1533,Drongen,190,190
1533,Erembodegem,659,659
1533,Erps-Kwerps,181,181
1533,Ezemaal,226,227
1533,Genk,,50
1533,Gent-Sint-Pieters,195,196
1533,Hansbeke,189,189
1533,Haren-Zuid,164,164
1533,Hasselt,155,145
1533,Herent,206,206
1533,Kiewit,105,83
1533,Kortenberg,192,193
1533,Kortenberg-Goederen,426,426
1533,Kwatrecht,733,733
1533,Landegem,210,210
1533,Landen,269,296
1533,Langdorp,-96,-96
1533,Lede,768,768
1533,Leuven,162,186
1533,Lichtervelde,288,288
1533,Liedekerke,422,422
1533,Maria-Aalter,251,251
1533,Melle,641,641
1533,Merelbeke,634,634
1533,Neerwinden,222,222
1533,Nossegem,199,199
1533,Oostkamp,207,207
1533,Schaarbeek,166,166
1533,Schellebelle,734,734
1533,Schulen,91,91
1533,Schulen-Sas,103,103
1533,Serskamp,779,779
1533,Sint-Truiden,196,232
1533,Testelt,-53,-53
1533,Tielt,376,376
1533,Tienen,184,244
1533,Torhout,392,392
1533,Veltem,218,218
1533,Vertrijk,194,194
1533,Wetteren,722,722
1533,Wezemaal,-41,-41
1533,Zaventem,205,205
1533,Zedelgem,389,389
1533,Zichem,-23,-23
1534,Aalst,645,645
1534,Aalter,239,298
1534,Aarschot,-43,-43
1534,Aarsele,296,296
1534,Alken,155,198
1534,Anderlecht,248,248
1534,Beernem,286,286
1534,Bellem,273,273
1534,Blankenberge,255,
1534,Bokrijk,54,136
1534,Brugge,265,253
1534,Brugge-Sint-Pieters,231,231
1534,Brussel-Centraal,219,291
1534,Brussel-Congres,219,219
1534,Brussel-Kapellekerk,253,253
1534,Brussel-Noord,191,217
1534,Brussel-Zuid,262,290
1534,Deinze,282,282
1534,Deinze-Wijksporen,192,192
1534,Denderleeuw,367,367
1534,De Pinte,153,153
1534,Diegem,225,225
1534,Diest,-5,-5
1534,Drongen,254,254
1534,Erembodegem,600,600
1534,Erps-Kwerps,197,197
1534,Ezemaal,244,244
1534,Genk,,50
1534,Gent-Sint-Pieters,241,253
1534,Hansbeke,255,255
1534,Haren-Zuid,181,181
1534,Hasselt,143,131
1534,Herent,223,223
1534,Kiewit,107,86
1534,Kortenberg,208,208
1534,Kortenberg-Goederen,454,454
1534,Kwatrecht,747,747
1534,Landegem,272,272
1534,Landen,285,314
1534,Langdorp,-92,-92
1534,Lede,692,692
1534,Leuven,170,203
1534,Lichtervelde,172,172
1534,Liedekerke,300,300
1534,Maria-Aalter,281,281
1534,Melle,841,841
1534,Merelbeke,867,867
1534,Neerwinden,240,240
1534,Nossegem,214,214
1534,Oostkamp,224,224
1534,Schaarbeek,176,176
1534,Schellebelle,703,703
1534,Schulen,92,92
1534,Schulen-Sas,107,107
1534,Serskamp,709,709
1534,Sint-Truiden,190,245
1534,Testelt,-52,-52
1534,Tielt,267,267
1534,Tienen,203,264
1534,Torhout,258,258
1534,Veltem,236,236
1534,Vertrijk,215,215
1534,Wetteren,723,723
1534,Wezemaal,-57,-57
1534,Zaventem,218,218
1534,Zedelgem,243,243
1534,Zichem,-22,-22
1535,Aalst,325,325
1535,Aalter,182,239
1535,Aarschot,-19,-19
1535,Aarsele,272,272
1535,Alken,155,196
1535,Anderlecht,174,174
1535,Beernem,226,226
1535,Bellem,213,213
1535,Blankenberge,232,
1535,Bokrijk,52,131
1535,Boortmeerbeek,495,495
1535,Brugge,194,231
1535,Brugge-Sint-Pieters,216,216
1535,Brussel-Centraal,195,257
1535,Brussel-Congres,200,200
1535,Brussel-Kapellekerk,215,215
1535,Brussel-Noord,174,202
1535,Brussel-Zuid,222,231
1535,Deinze,266,266
1535,Deinze-Wijksporen,183,183
1535,Denderleeuw,243,243
1535,De Pinte,83,83
1535,Diegem,200,200
1535,Diest,9,9
1535,Drongen,203,203
1535,Eppegem,887,887
1535,Erembodegem,296,296
1535,Erps-Kwerps,168,168
1535,Ezemaal,206,208
1535,Genk,,53
1535,Gent-Sint-Pieters,162,201
1535,Haacht,316,316
1535,Haacht-Wijkspoor,319,319
1535,Hambos,292,292
1535,Hansbeke,192,192
1535,Haren-Zuid,158,158
1535,Hasselt,134,137
1535,Herent,194,195
1535,Hever,582,582
1535,Hofstade,637,637
1535,Kiewit,97,78
1535,Kortenberg,182,182
1535,Kortenberg-Goederen,431,431
1535,Kwatrecht,274,274
1535,Landegem,221,221
1535,Landen,253,279
1535,Langdorp,-74,-74
1535,Lede,353,353
1535,Leuven,150,180
1535,Lichtervelde,150,150
1535,Liedekerke,162,162
1535,Machelen,1240,1240
1535,Maria-Aalter,223,223
1535,Melle,286,286
1535,Merelbeke,279,279
1535,Neerwinden,203,203
1535,Nossegem,187,187
1535,Oostkamp,150,150
1535,Schaarbeek,157,157
1535,Schaarbeek-Perron P.C.I.,1246,1246
1535,Schellebelle,311,311
1535,Schulen,101,101
1535,Schulen-Sas,104,104
1535,Serskamp,341,341
1535,Sint-Truiden,182,217
1535,Testelt,-29,-29
1535,Tielt,245,245
1535,Tienen,170,229
1535,Torhout,242,242
1535,Veltem,205,205
1535,Vertrijk,186,186
1535,Vilvoorde,1045,1045
1535,Wespelaar-Tildonk,305,305
1535,Wetteren,269,269
1535,Wezemaal,-26,-26
1535,Wijgmaal,282,282
1535,Zaventem,191,191
1535,Zedelgem,232,232
1535,Zichem,-7,-7
1536,Aalst,242,242
1536,Aalter,150,209
1536,Aarschot,-8,-8
1536,Aarsele,622,622
1536,Alken,141,170
1536,Anderlecht,156,156
1536,Beernem,195,195
1536,Bellem,184,184
1536,Blankenberge,208,
1536,Bokrijk,32,109
1536,Boortmeerbeek,1803,1803
1536,Brugge,193,209
1536,Brugge-Sint-Pieters,229,229
1536,Brussel-Centraal,178,227
1536,Brussel-Congres,185,185
1536,Brussel-Kapellekerk,187,187
1536,Brussel-Noord,151,183
1536,Brussel-Zuid,198,208
1536,Deinze,611,611
1536,Deinze-Wijksporen,504,504
1536,Denderleeuw,217,217
1536,De Pinte,432,432
1536,Diegem,183,183
1536,Diest,32,32
1536,Drongen,169,169
1536,Eppegem,2325,2325
1536,Erembodegem,198,198
1536,Erps-Kwerps,157,157
1536,Ezemaal,167,168
1536,Genk,,40
1536,Gent-Sint-Pieters,155,195
1536,Haacht,1308,1308
1536,Haacht-Wijkspoor,704,704
1536,Hambos,575,575
1536,Hansbeke,159,159
1536,Haren-Zuid,140,140
1536,Hasselt,106,129
1536,Herent,179,180
1536,Hever,2245,2245
1536,Hofstade,2311,2311
1536,Kiewit,76,56
1536,Kortenberg,167,167
1536,Kortenberg-Goederen,159,159
1536,Kwatrecht,313,313
1536,Landegem,189,189
1536,Landen,211,235
1536,Langdorp,-56,-56
1536,Lede,327,327
1536,Leuven,124,158
1536,Lichtervelde,536,536
1536,Liedekerke,195,195
1536,Machelen,2619,2619
1536,Maria-Aalter,188,188
1536,Melle,338,338
1536,Merelbeke,312,312
1536,Neerwinden,160,160
1536,Nossegem,173,173
1536,Oostkamp,94,94
1536,Schaarbeek,141,141
1536,Schaarbeek-Perron P.C.I.,2694,2694
1536,Schellebelle,314,314
1536,Schulen,126,126
1536,Schulen-Sas,130,130
1536,Serskamp,324,324
1536,Sint-Truiden,147,178
1536,Testelt,-8,-8
1536,Tielt,609,609
1536,Tienen,137,197
1536,Torhout,619,619
1536,Veltem,193,193
1536,Vertrijk,149,150
1536,Vilvoorde,2491,2491
1536,Wespelaar-Tildonk,578,578
1536,Wetteren,303,303
1536,Wezemaal,31,31
1536,Wijgmaal,572,572
1536,Zaventem,176,176
1536,Zedelgem,602,602
1536,Zichem,15,15
1537,Aalst,661,661
1537,Aalter,297,356
1537,Aarschot,35,35
1537,Aarsele,629,629
1537,Alken,195,227
1537,Anderlecht,316,316
1537,Beernem,345,345
1537,Bellem,302,302
1537,Blankenberge,364,
1537,Bokrijk,47,140
1537,Brugge,341,352
1537,Brugge-Sint-Pieters,335,335
1537,Brussel-Centraal,276,340
1537,Brussel-Congres,264,264
1537,Brussel-Kapellekerk,296,296
1537,Brussel-Noord,221,258
1537,Brussel-Zuid,306,344
1537,Deinze,611,611
1537,Deinze-Wijksporen,529,529
1537,Denderleeuw,402,402
1537,De Pinte,490,490
1537,Diegem,237,237
1537,Diest,53,53
1537,Drongen,246,246
1537,Erembodegem,604,604
1537,Erps-Kwerps,246,246
1537,Ezemaal,289,289
1537,Genk,,48
1537,Gent-Sint-Pieters,295,264
1537,Hansbeke,260,260
1537,Haren-Zuid,199,199
1537,Hasselt,134,173
1537,Herent,266,267
1537,Kiewit,111,87
1537,Kortenberg,254,255
1537,Kortenberg-Goederen,576,576
1537,Kwatrecht,570,570
1537,Landegem,261,261
1537,Landen,284,364
1537,Langdorp,-20,-20
1537,Lede,661,661
1537,Leuven,210,240
1537,Lichtervelde,529,529
1537,Liedekerke,357,357
1537,Maria-Aalter,338,338
1537,Melle,410,410
1537,Merelbeke,405,405
1537,Neerwinden,282,282
1537,Nossegem,225,225
1537,Oostkamp,295,295
1537,Schaarbeek,218,218
1537,Schellebelle,616,616
1537,Schulen,155,155
1537,Schulen-Sas,167,167
1537,Serskamp,672,672
1537,Sint-Truiden,207,241
1537,Testelt,21,21
1537,Tielt,602,602
1537,Tienen,254,302
1537,Torhout,625,625
1537,Veltem,232,232
1537,Vertrijk,256,256
1537,Wetteren,568,568
1537,Wezemaal,28,28
1537,Zaventem,226,226
1537,Zedelgem,617,617
1537,Zichem,44,44
1538,Aalst,257,257
1538,Aalter,404,473
1538,Aarschot,-65,-65
1538,Aarsele,408,408
1538,Alken,176,208
1538,Anderlecht,223,223
1538,Beernem,460,460
1538,Bellem,441,441
1538,Blankenberge,435,
1538,Bokrijk,31,122
1538,Brugge,439,436
1538,Brugge-Sint-Pieters,407,407
1538,Brussel-Centraal,308,378
1538,Brussel-Congres,273,273
1538,Brussel-Kapellekerk,331,331
1538,Brussel-Noord,230,270
1538,Brussels Airport - Zaventem,1399,1399
1538,Brussel-Zuid,362,431
1538,Deinze,383,383
1538,Deinze-Wijksporen,297,297
1538,Denderleeuw,237,237
1538,De Pinte,216,216
1538,Diegem,201,201
1538,Diest,-3,-3
1538,Drongen,372,372
1538,Erembodegem,230,230
1538,Erps-Kwerps,220,220
1538,Ezemaal,269,269
1538,Genk,,43
1538,Gent-Sint-Pieters,427,366
1538,Hansbeke,451,451
1538,Haren-Zuid,160,160
1538,Hasselt,122,158
1538,Herent,247,247
1538,Kiewit,87,71
1538,Kortenberg,228,229
1538,Kortenberg-Goederen,466,466
1538,Kwatrecht,207,207
1538,Landegem,414,414
1538,Landen,260,339
1538,Langdorp,-100,-100
1538,Lede,290,290
1538,Leuven,222,233
1538,Lichtervelde,301,301
1538,Liedekerke,168,168
1538,Maria-Aalter,452,452
1538,Melle,232,232
1538,Merelbeke,225,225
1538,Neerwinden,267,267
1538,Nossegem,224,224
1538,Oostkamp,401,401
1538,Schaarbeek,199,199
1538,Schellebelle,245,245
1538,Schulen,78,78
1538,Schulen-Sas,84,84
1538,Serskamp,289,289
1538,Sint-Truiden,186,223
1538,Testelt,-51,-51
1538,Tielt,384,384
1538,Tienen,243,292
1538,Torhout,404,404
1538,Veltem,217,217
1538,Vertrijk,240,240
1538,Wetteren,204,204
1538,Wezemaal,-80,-80
1538,Zaventem,195,195
1538,Zedelgem,385,385
1538,Zichem,-24,-24
1539,Aalst,1281,1275
1539,Aalter,430,492
1539,Aarschot,-35,-35
1539,Aarsele,247,247
1539,Alken,179,215
1539,Anderlecht,273,273
1539,Beernem,478,478
1539,Bellem,469,469
1539,Blankenberge,433,
1539,Bokrijk,36,129
1539,Boortmeerbeek,1610,1610
1539,Brugge,451,433
1539,Brugge-Sint-Pieters,403,403
1539,Brussel-Centraal,299,364
1539,Brussel-Congres,266,266
1539,Brussel-Kapellekerk,310,310
1539,Brussel-Noord,222,260
1539,Brussel-West,1125,1125
1539,Brussel-Zuid,347,385
1539,Deinze,234,234
1539,Deinze-Wijksporen,147,147
1539,Denderleeuw,1168,1176
1539,De Pinte,88,88
1539,Diegem,212,212
1539,Diest,-9,-9
1539,Dilbeek,3731,3731
1539,Drongen,379,379
1539,Eppegem,1916,1916
1539,Erembodegem,1229,1229
1539,Erps-Kwerps,195,195
1539,Essene-Lombeek,4261,4261
1539,Ezemaal,228,229
1539,Genk,,39
1539,Gent-Sint-Pieters,400,362
1539,Groot-Bijgaarden,3723,3723
1539,Haacht,1437,1437
1539,Haacht-Wijkspoor,1340,1340
1539,Hambos,1253,1253
1539,Hansbeke,439,439
1539,Haren-Zuid,185,185
1539,Hasselt,140,156
1539,Herent,219,221
1539,Hever,1622,1622
1539,Hofstade,1767,1767
1539,Jette,3592,3592
1539,Kiewit,99,83
1539,Kortenberg,206,206
1539,Kortenberg-Goederen,610,610
1539,Kwatrecht,1187,1187
1539,Landegem,422,422
1539,Landen,256,297
1539,Langdorp,-93,-93
1539,Lede,1277,1271
1539,Leuven,168,204
1539,Lichtervelde,172,172
1539,Liedekerke,1101,1097
1539,Machelen,2504,2504
1539,Maria-Aalter,472,472
1539,Melle,1029,1029
1539,Merelbeke,1045,1045
1539,Neerwinden,217,217
1539,Nossegem,206,206
1539,Oostkamp,435,435
1539,Schaarbeek,220,220
1539,Schaarbeek-Perron P.C.I.,2489,2489
1539,Schellebelle,1240,1240
1539,Schulen,89,89
1539,Schulen-Sas,104,104
1539,Serskamp,1274,1274
1539,Simonis,1129,1129
1539,Sint-Agatha-Berchem,3704,3704
1539,Sint-Martens-Bodegem,3730,3730
1539,Sint-Truiden,195,232
1539,Ternat,3733,3733
1539,Testelt,-51,-51
1539,Thurn en Taxis,1134,1134
1539,Tielt,236,236
1539,Tienen,191,239
1539,Torhout,326,326
1539,Veltem,223,223
1539,Vertrijk,199,199
1539,Vilvoorde,2395,2395
1539,Wespelaar-Tildonk,1313,1313
1539,Wetteren,1191,1184
1539,Wezemaal,-35,-35
1539,Wijgmaal,1217,1217
1539,Zaventem,204,204
1539,Zedelgem,315,315
1539,Zichem,-26,-26
1540,Aalst,366,366
1540,Aalter,212,269
1540,Aarschot,27,27
1540,Aarsele,498,498
1540,Alken,183,254
1540,Anderlecht,211,211
1540,Beernem,255,255
1540,Bellem,254,254
1540,Blankenberge,311,
1540,Bokrijk,22,109
1540,Boortmeerbeek,1334,1334
1540,Brugge,243,312
1540,Brugge-Sint-Pieters,314,314
1540,Brussel-Centraal,240,303
1540,Brussel-Congres,234,234
1540,Brussel-Kapellekerk,247,247
1540,Brussel-Noord,203,239
1540,Brussel-Zuid,263,260
1540,Deinze,416,416
1540,Deinze-Wijksporen,321,321
1540,Denderleeuw,338,384
1540,De Pinte,281,281
1540,Diegem,240,240
1540,Diest,41,41
1540,Drongen,235,235
1540,Eppegem,1663,1663
1540,Erembodegem,346,346
1540,Erps-Kwerps,207,207
1540,Ezemaal,256,258
1540,Genk,,37
1540,Gent-Sint-Pieters,213,243
1540,Gent-Sint-Pieters-Bundels,25,25
1540,Haacht,1321,1321
1540,Haacht-Wijkspoor,1325,1325
1540,Hambos,1299,1299
1540,Hansbeke,226,226
1540,Haren-Zuid,193,193
1540,Hasselt,120,173
1540,Herent,221,222
1540,Hever,1395,1395
1540,Hofstade,1447,1447
1540,Kiewit,67,49
1540,Kortenberg,219,221
1540,Kortenberg-Goederen,501,501
1540,Kwatrecht,293,293
1540,Landegem,253,253
1540,Landen,301,325
1540,Langdorp,-47,-47
1540,Lede,366,366
1540,Leuven,170,208
1540,Lichtervelde,434,434
1540,Liedekerke,285,285
1540,Machelen,2463,2463
1540,Maria-Aalter,250,251
1540,Melle,266,266
1540,Merelbeke,264,264
1540,Neerwinden,245,245
1540,Nossegem,228,228
1540,Oostkamp,198,198
1540,Schaarbeek,190,190
1540,Schaarbeek-Perron P.C.I.,2458,2458
1540,Schellebelle,323,323
1540,Schulen,136,136
1540,Schulen-Sas,150,150
1540,Serskamp,377,377
1540,Sint-Truiden,225,275
1540,Testelt,-6,-6
1540,Tielt,506,506
1540,Tienen,216,263
1540,Torhout,523,523
1540,Veltem,243,243
1540,Vertrijk,210,211
1540,Vilvoorde,1863,2425
1540,Wespelaar-Tildonk,1312,1312
1540,Wetteren,281,281
1540,Wezemaal,10,10
1540,Wijgmaal,1282,1282
1540,Zaventem,231,231
1540,Zedelgem,508,508
1540,Zichem,23,23
1541,Aalst,848,848
1541,Aalter,257,317
1541,Aarschot,44,44
1541,Aarsele,362,362
1541,Alken,213,280
1541,Anderlecht,250,250
1541,Beernem,304,304
1541,Bellem,297,297
1541,Blankenberge,279,
1541,Bokrijk,53,143
1541,Boortmeerbeek,1005,1005
1541,Brugge,286,283
1541,Brugge-Sint-Pieters,290,290
1541,Brussel-Centraal,285,334
1541,Brussel-Congres,291,291
1541,Brussel-Kapellekerk,279,279
1541,Brussel-Noord,271,290
1541,Brussel-Zuid,303,295
1541,Deinze,348,358
1541,Deinze-Wijksporen,256,256
1541,Denderleeuw,409,409
1541,De Pinte,216,216
1541,Diegem,296,296
1541,Diest,42,42
1541,Drongen,271,271
1541,Eppegem,1459,1919
1541,Erembodegem,805,805
1541,Erps-Kwerps,269,269
1541,Ezemaal,306,307
1541,Genk,,51
1541,Gent-Sint-Pieters,252,266
1541,Haacht,856,856
1541,Haacht-Wijkspoor,777,777
1541,Hambos,553,553
1541,Hansbeke,269,269
1541,Harelbeke,655,655
1541,Haren-Zuid,253,253
1541,Hasselt,138,193
1541,Herent,325,294
1541,Hever,1050,1050
1541,Hofstade,1281,1281
1541,Ingelmunster,739,739
1541,Izegem,748,748
1541,Izegem-Sas,747,747
1541,Kiewit,108,86
1541,Kortenberg,279,281
1541,Kortenberg-Goederen,728,728
1541,Kortrijk,676,676
1541,Kwatrecht,916,916
1541,Landegem,294,294
1541,Landen,340,375
1541,Langdorp,-48,-48
1541,Lede,881,881
1541,Leuven,263,275
1541,Lichtervelde,313,313
1541,Liedekerke,329,329
1541,Machelen,2065,2065
1541,Maria-Aalter,300,300
1541,Melle,945,945
1541,Merelbeke,880,880
1541,Neerwinden,296,296
1541,Nossegem,287,287
1541,Oostkamp,253,253
1541,Roeselare,758,758
1541,Schaarbeek,252,252
1541,Schaarbeek-Perron P.C.I.,2061,2061
1541,Schellebelle,911,911
1541,Schulen,137,137
1541,Schulen-Sas,159,159
1541,Serskamp,909,909
1541,Sint-Truiden,269,302
1541,Testelt,-6,-6
1541,Tielt,371,371
1541,Tienen,279,331
1541,Torhout,403,403
1541,Veltem,303,303
1541,Vertrijk,288,289
1541,Vilvoorde,2027,2027
1541,Waregem,643,643
1541,Wespelaar-Tildonk,585,585
1541,Wetteren,905,905
1541,Wezemaal,37,37
1541,Wijgmaal,543,543
1541,Zaventem,289,289
1541,Zedelgem,420,420
1541,Zichem,25,25
1542,Aalst,482,482
1542,Aalter,264,323
1542,Aarschot,1,1
1542,Aarsele,468,468
1542,Alken,161,221
1542,Anderlecht,240,240
1542,Beernem,308,308
1542,Bellem,304,304
1542,Blankenberge,334,
1542,Bokrijk,52,139
1542,Boortmeerbeek,550,550
1542,Brugge,318,327
1542,Brugge-Sint-Pieters,297,297
1542,Brussel-Centraal,270,326
1542,Brussel-Congres,273,273
1542,Brussel-Kapellekerk,278,278
1542,Brussel-Noord,247,270
1542,Brussel-West,572,572
1542,Brussel-Zuid,294,290
1542,Deinze,457,457
1542,Deinze-Wijksporen,375,375
1542,Denderleeuw,288,317
1542,De Pinte,336,336
1542,Diegem,274,274
1542,Diest,31,31
1542,Drongen,275,275
1542,Eppegem,590,590
1542,Erembodegem,420,420
1542,Erps-Kwerps,243,243
1542,Ezemaal,249,251
1542,Genk,,51
1542,Gent-Sint-Pieters,247,281
1542,Haacht,545,545
1542,Haacht-Wijkspoor,554,554
1542,Hambos,540,540
1542,Hansbeke,278,278
1542,Haren-Zuid,228,228
1542,Hasselt,149,143
1542,Herent,264,265
1542,Hever,555,555
1542,Hofstade,587,587
1542,Kiewit,110,86
1542,Kortenberg,253,256
1542,Kortenberg-Goederen,307,307
1542,Kwatrecht,424,424
1542,Landegem,295,295
1542,Landen,284,319
1542,Langdorp,-54,-54
1542,Lede,498,498
1542,Leuven,266,247
1542,Lichtervelde,456,456
1542,Liedekerke,205,205
1542,Machelen,689,689
1542,Maria-Aalter,303,303
1542,Melle,496,496
1542,Merelbeke,505,505
1542,Neerwinden,241,241
1542,Nossegem,259,259
1542,Oostkamp,257,257
1542,Schaarbeek,230,231
1542,Schaarbeek-Perron P.C.I.,678,678
1542,Schellebelle,473,473
1542,Schulen,128,128
1542,Schulen-Sas,145,145
1542,Serskamp,509,509
1542,Simonis,564,564
1542,Sint-Truiden,206,240
1542,Testelt,-12,-12
1542,Thurn en Taxis,556,556
1542,Tielt,534,534
1542,Tienen,223,280
1542,Torhout,581,581
1542,Veltem,283,283
1542,Vertrijk,230,230
1542,Vilvoorde,594,594
1542,Wespelaar-Tildonk,541,541
1542,Wetteren,420,420
1542,Wezemaal,-9,-9
1542,Wijgmaal,538,538
1542,Zaventem,267,267
1542,Zedelgem,576,576
1542,Zichem,11,11
1543,Aalst,235,235
1543,Aalter,207,263
1543,Aarschot,22,22
1543,Aarsele,595,595
1543,Alken,164,218
1543,Anderlecht,165,165
1543,Beernem,247,247
1543,Bellem,249,249
1543,Blankenberge,293,
1543,Bokrijk,44,131
1543,Boortmeerbeek,363,363
1543,Brugge,260,305
1543,Brugge-Sint-Pieters,316,316
1543,Brussel-Centraal,215,255
1543,Brussel-Congres,224,224
1543,Brussel-Kapellekerk,211,211
1543,Brussel-Noord,206,222
1543,Brussel-Zuid,221,232
1543,Deinze,583,583
1543,Deinze-Wijksporen,516,516
1543,Denderleeuw,123,123
1543,De Pinte,459,459
1543,Diegem,241,241
1543,Diest,55,55
1543,Drongen,219,219
1543,Eppegem,512,512
1543,Erembodegem,193,193
1543,Erps-Kwerps,207,207
1543,Ezemaal,239,244
1543,Genk,,44
1543,Gent-Sint-Pieters,182,240
1543,Haacht,277,277
1543,Haacht-Wijkspoor,248,248
1543,Hambos,165,165
1543,Hansbeke,221,221
1543,Haren-Zuid,197,197
1543,Hasselt,134,154
1543,Herent,234,235
1543,Hever,373,373
1543,Hofstade,409,409
1543,Kiewit,96,75
1543,Kortenberg,220,223
1543,Kortenberg-Goederen,262,262
1543,Kwatrecht,613,613
1543,Landegem,240,240
1543,Landen,271,306
1543,Langdorp,-36,-36
1543,Lede,683,683
1543,Leuven,193,211
1543,Lichtervelde,525,525
1543,Liedekerke,51,51
1543,Machelen,603,603
1543,Maria-Aalter,241,241
1543,Melle,812,812
1543,Merelbeke,885,889
1543,Neerwinden,228,228
1543,Nossegem,228,228
1543,Oostkamp,189,189
1543,Schaarbeek,196,196
1543,Schaarbeek-Perron P.C.I.,592,592
1543,Schellebelle,652,652
1543,Schulen,139,139
1543,Schulen-Sas,146,146
1543,Serskamp,664,664
1543,Sint-Truiden,202,237
1543,Testelt,12,12
1543,Tielt,600,600
1543,Tienen,207,262
1543,Torhout,615,615
1543,Veltem,245,245
1543,Vertrijk,219,221
1543,Vilvoorde,519,519
1543,Wespelaar-Tildonk,173,173
1543,Wetteren,609,609
1543,Wezemaal,18,18
1543,Wijgmaal,159,159
1543,Zaventem,233,233
1543,Zedelgem,595,595
1543,Zichem,33,33
1544,Aalst,1064,1064
1544,Aalter,231,287
1544,Aarschot,33,33
1544,Aarsele,289,295
1544,Alken,236,270
1544,Anderlecht,220,220
1544,Beernem,270,270
1544,Bellem,264,264
1544,Bokrijk,98,174
1544,Boortmeerbeek,238,238
1544,Brugge,290,
1544,Brugge-Bundels U/V,314,314
1544,Brussel-Centraal,241,282
1544,Brussel-Congres,251,251
1544,Brussel-Kapellekerk,243,243
1544,Brussel-Noord,231,247
1544,Brussel-Zuid,244,254
1544,Deinze,299,299
1544,Deinze-Wijksporen,220,220
1544,Denderleeuw,909,909
1544,De Pinte,232,232
1544,Diegem,266,266
1544,Diest,67,67
1544,Drongen,253,253
1544,Eppegem,294,294
1544,Erembodegem,1041,1041
1544,Erps-Kwerps,238,238
1544,Ezemaal,282,282
1544,Genk,,101
1544,Gent-Sint-Pieters,232,250
1544,Haacht,233,233
1544,Haacht-Wijkspoor,241,241
1544,Hambos,227,227
1544,Hansbeke,243,243
1544,Harelbeke,384,384
1544,Haren-Zuid,222,222
1544,Hasselt,163,205
1544,Herent,262,263
1544,Hever,249,249
1544,Hofstade,281,281
1544,Ingelmunster,683,683
1544,Izegem,697,697
1544,Izegem-Sas,693,693
1544,Kiewit,141,114
1544,Kortenberg,249,250
1544,Kortenberg-Goederen,479,479
1544,Kortrijk,571,571
1544,Kwatrecht,1079,1079
1544,Landegem,271,271
1544,Landen,375,382
1544,Langdorp,-28,-28
1544,Lede,1097,1097
1544,Leuven,235,243
1544,Lichtervelde,321,321
1544,Liedekerke,852,852
1544,Machelen,345,345
1544,Maria-Aalter,265,265
1544,Melle,948,948
1544,Merelbeke,1023,1023
1544,Neerwinden,283,283
1544,Nossegem,256,256
1544,Oostkamp,193,189
1544,Roeselare,857,857
1544,Schaarbeek,222,222
1544,Schaarbeek-Perron P.C.I.,340,340
1544,Schellebelle,1082,1082
1544,Schulen,149,149
1544,Schulen-Sas,140,140
1544,Serskamp,1067,1067
1544,Sint-Truiden,253,286
1544,Testelt,19,19
1544,Tielt,318,318
1544,Tienen,241,300
1544,Torhout,356,356
1544,Veltem,271,271
1544,Vertrijk,261,261
1544,Vilvoorde,311,311
1544,Waregem,371,371
1544,Wespelaar-Tildonk,229,229
1544,Wetteren,1070,1070
1544,Wezemaal,24,24
1544,Wijgmaal,221,221
1544,Zaventem,259,259
1544,Zedelgem,354,354
1544,Zichem,47,47
1545,Aalst,547,547
1545,Aalter,203,261
1545,Aarschot,23,25
1545,Aarsele,173,173
1545,Alken,133,196
1545,Anderlecht,580,580
1545,Beernem,238,238
1545,Bellem,230,230
1545,Bokrijk,53,129
1545,Boortmeerbeek,156,156
1545,Brugge,181,
1545,Brugge-Bundels U/V,289,289
1545,Brussel-Centraal,199,250
1545,Brussel-Congres,218,218
1545,Brussel-Kapellekerk,226,226
1545,Brussel-Noord,195,214
1545,Brussel-Zuid,216,218
1545,Deinze,168,168
1545,Deinze-Wijksporen,56,56
1545,Denderleeuw,327,327
1545,De Pinte,45,45
1545,Diegem,243,243
1545,Diest,48,50
1545,Drongen,238,238
1545,Eppegem,244,244
1545,Erembodegem,563,563
1545,Erps-Kwerps,216,216
1545,Ezemaal,265,265
1545,Genk,,49
1545,Gent-Sint-Pieters,194,214
1545,Haacht,144,144
1545,Haacht-Wijkspoor,151,151
1545,Hambos,132,132
1545,Hansbeke,224,224
1545,Haren-Zuid,202,202
1545,Hasselt,113,124
1545,Hasselt-Afwisseling,502,502
1545,Herent,246,249
1545,Hever,176,176
1545,Hofstade,223,223
1545,Kiewit,102,76
1545,Kortenberg,227,229
1545,Kortenberg-Goederen,455,455
1545,Kwatrecht,508,508
1545,Landegem,204,204
1545,Landen,321,355
1545,Langdorp,-34,-32
1545,Lede,587,587
1545,Leuven,192,208
1545,Lichtervelde,81,81
1545,Liedekerke,313,313
1545,Machelen,324,324
1545,Maria-Aalter,240,240
1545,Melle,368,368
1545,Merelbeke,371,371
1545,Neerwinden,268,268
1545,Nossegem,234,234
1545,Oostkamp,186,151
1545,Schaarbeek,193,193
1545,Schaarbeek-Perron P.C.I.,318,318
1545,Schellebelle,554,554
1545,Schulen,154,154
1545,Schulen-Sas,166,166
1545,Serskamp,556,556
1545,Sint-Truiden,180,204
1545,Testelt,6,7
1545,Tielt,148,148
1545,Tienen,227,282
1545,Torhout,140,140
1545,Veltem,213,213
1545,Vertrijk,238,238
1545,Vilvoorde,288,288
1545,Wespelaar-Tildonk,137,137
1545,Wetteren,505,505
1545,Wezemaal,45,46
1545,Wijgmaal,124,124
1545,Zaventem,235,235
1545,Zedelgem,154,154
1545,Zichem,37,39
